GRB,RA,DEC,Class,Redshift,Beta,Beta_Err
970228A,05h01m57s,+11° 46.4',L,0.695,0.78,0.02
970508A,06h53m28s,+79° 17.4',XRF,0.83,0.9,0.1
971214A,11h56m30s,+65° 12.0',L,3.42,0.87,0.13
980329A,07h02m41s,+38° 50.7',L,3.5,>=3,
980425A,19h34m54s,-52° 49.9',SN-A,0.0085,0.75,0.05
980613A,10h17m46s,+71° 29.9',L,1.096,0.3,1.1
980703A,23h59m07s,+08° 35.6',L,0.966,1.01,0.02
990123A,15h25m29s,+44° 45',L,1.6,0.75,0.07
990510A,13h38m06s,-80° 30',L,1.62,0.35,0.17
990705A,05h09m32s,-72° 09',L,0.842,>=2,
990712A,22h31m50s,-73° 24',L,0.434,0.99,0.02
991208A,16h33m55s,+46° 26',L,0.706,0.75,0.03
991216A,05h19m31s,11° 11',L,1.02,0.57,0.08
000131A,06h13m33s,-51° 56',L,4.5,0.66,0.34
000301C,16h20m22s,+29° 25',IS,2.03,0.7,0.09
000418A,12h25m21s,+20° 05',L,1.118,1.90 ; 0.81,0.15 ; 0
000911A,02h18m42s,+07° 48',L,1.058,0.75,0.26
000926A,17h04m15s,+51° 46',L,2.04,1,0.18
010222A,14h52m12s,+43° 01',L,1.47688,1.07,0.09
010921A,22h55m35s,+40° 56',L,0.45,0.35,0.19
011121A,11h34m25s,-76° 02',L,0.36,0.8,0.15
011211A,11h15m16s,-21° 56',L,2.14,0.41,0.15
020124A,09h33m08s,-11° 35',L,3.198,1.32,0.25
020405A,13h58m10s,-31° 23',L,0.69,1.43,0.08
020813A,19h46m38s,-19° 35',L,1.25,0.85,0.07
020903A,22h49m01s,-20° 56',L,0.25,1.48,0.06
021004A,00h26m56s,+18° 56',L,2.34,0.78,0.1
021211A,08h08m55s,+06° 44',L,1.01,0.69,0.14
030115A,11h18m30s,15° 02',L,2,0.44,
030226A,11h33m05s,+25° 54',L,1.99,0.7,0.03
030323A,11h06m06s,-21° 54',L,3.372,0.89,0.04
030328A,12h10m46s,-09° 22',L,1.52,0.47,0.15
030329A,10h44m50s,+21° 31',SN-A,0.17,0.41,0.17
030429A,12h13m07s,-20° 54,XRF,2.658,0.22,0.24
030528A,17h04m02s,-22° 39',L,0.782,0.8,0.4
031203A,08h02m30s,-39° 51',SN-A,0.105,0.8,0.1
040924A,02h06m19s,+16° 01',SN-C,0.86,0.63,0.48
041006A,00h54m53s,+01° 12',SN-C,0.72,0.36,0.27
041219A,00h24m26s,+62° 50',L,0.3,0.44,0.08
050126A,18h32m27s,+42° 23',L,1.29,0.6,
050215B,11h37m48s,+40° 48',L,2.62,,
050223A,18h05m32s,-62° 30',L,0.5915,<0.80,
050315A,20h25m53s,-42° 35',L,1.949,0.63,
050318A,03h18m43s,-46° 24',L,1.44,1.1,0.1
050319A,10h16m38s,+43° 34',L,3.24,0.74,0.42
050401A,16h31m31s,+02° 11',L,2.8992,0.39,0.05
050406A,02h17m43s,-50° 10',L,2.44,0.82,1.75
050408A,12h01m55s,+10° 52',L,1.24,0.28,0.33
050416A,12h33m54s,+21° 03',L,0.65,0.92,0.3
050502A,13h29m46s,+42° 40',L,3.79,0.76,0.16
050502B,09h30m10s,+17° 00',L,5.2,0.9,0.1
050505A,09h27m08s, +30° 15',L,4.27,0.41,0.06
050525A,18h32m35s,+26° 20',SN-B-XRR,0.61,0.97,0.1
050603A,02h39m55s,-25° 11',L,2.821,0.2,0.1
050709A,23h01m30s,-38° 59',L,0.1606,2.3,0.7
050724A,16h24m51s,-27° 31',SEE,0.258,0.78,0.07
050730A,14h08m16s,-03° 46',L,3.97,0.52,0.05
050801A,13h36m33s,-21° 57',XRR,1.56,1,0.16
050802A ,14h37m09s,27° 48',L,1.7102,0.36,0.26
050803A,23h22m36s,+05° 48',L,3.5,<0.15,
050814A,17h36m49s,+46° 20',L,5.77,0.9,0.5
050820A,22h29m36s,+19° 35',L,2.61,0.72,0.03
050824A,00h48m56s,+22° 36,L,0.83,0.4,0.04
050826A,05h50m55s,-02° 41',L,0.297,,
050904A,00h54m41s,+14° 08',L,6.295,1.31,1.2
050908A,01h21m51s,-12° 58',XRR,3.34,0.4,1.1
050915A,05h26m51s,-28° 02',L,2.5273,<0.44,
050922B,00h23m12s, -05° 36',L,4.5,<0.39,
050922C,21h09m34s,-08° 46',IS,2.2,0.51,0.05
051006A,07h23m19s,+09° 32',-,1.059,<1.30,
051016B,08h48m16s,+13° 39',SEE,0.9364,0.63,
051022A,23h56m00s,+19° 36',-,0.809,<0.10,
051028A ,01h48m39s,47°49',SN-B,3.5,2.1,0.4
051109A,22h01m11s,+40° 50',L,2.346,0.61,0.06
051111A,23h12m38s,+18° 20',L,1.55,0.76,0.07
051221A,21h54m51s,+16° 54',S,0.5465,0.64,0.05
060108A,09h47m58s,+31° 55',L,2,0.54,0.18
060111A,18h24m51s, +37° 36',L,2.32,0.7,
060115A,03h36m11s,+17° 21',L,3.53,0.77,0.03
060116A,05h38m48s,-05° 27',L,6.6,,
060124A,05h08m10s,+69° 43',L,2.3,0.73,0.08
060204B,14h07m11s,+27° 41',L,2.3393,0.47,
060206A,13h31m47s,+35° 04',IS,4.05,0.73,0.05
060210A,03h50m55s,+27° 02',L,3.91,0.37,0.1
060218A,03h21m37s,+16° 52',SN-A,0.0331,0.75,0.05
060223A,03h40m52s,-17° 08',L,4.41,0.9,0.23
060319A,11h45m29s,+59° 59',L,1.172,0.19,
060418A,15h45m41s,-03° 39',L,1.49,0.78,0.09
060502A,16h03m26s,+66° 36',L,1.51,0.91,0.11
060505A,22h07m04s,-27° 49',L,0.089,0.8,0.03
060510B,15h56m34s,+78° 34',L,4.94,4.2,2
060512A,13h03m05s,+41° 13',XRF,0.44,0.68,0.05
060522A,21h31m48s,+02° 53',L,5.11,0.74,
060526A,15h31m23s,+00° 15',L,3.21,0.51,0.32
060602A,09h58m18s,00° 19',L,0.787,,
060604A,22h28m58s,-10° 54',L,2.1357,0.75,
060605A,21h28m35s,-06° 04',L,3.78,1.02 ; 0.54,0.05 ; 0.05
060607A,21h58m51s,-22° 30',SEE,3.07,0.72,0.27
060614A,21h23m27s,-53° 02',SEE,0.125,0.47,0.04
060707A,23h48m19s,-17° 55',L,3.425,0.59,0.02
060708A,00h31m12s,-33° 44',L,1.92,0.88,0.05
060714A,15h11m29s,-06° 33',L,2.71,0.44,0.04
060719A,01h13m49s,-48° 22',L,1.532,<0.13,
060729A,06h21m21s,-62° 21',L,0.54,0.78,0.03
060805A,14h43m41s,+12° 36',IS,2.3633,1.65,0.02
060814A,14h45m23s,+20° 35',SEE,1.9229,<0.201,
060904A,15h50m58s,44° 58',L,2.55,0.52,
060904B,03h52m51s,-00° 43',L,0.7,1.11,0.1
060906A,02h43m00s,+30° 21',L,3.686,0.56,0.02
060908A,02h07m20s,+00° 22',L,1.8836,0.3,0.06
060912A,00h21m09s, +20° 58',SEE,0.937,0.7,0.1
060923A,16h58m30s,12° 23',L,2.6,<0.11,
060923B,15h52m48s,-30° 54',L,1.5094,<0.68,
060926A,17h35m49s,+13° 02',L,3.2,0.82,0.01
060927A,21h58m13s,+05° 21',L,5.46,0.86,0.03
061006A,07h24m22s,-79° 12',SEE,0.4377,0.62,0.2
061007A,03h05m16s,-50° 29',L,1.26,0.78,0.02
061021A,09h40m32s,-21° 56',L,4.6,0.55,0.02
061110A,22h25m13s,-02° 16',L,0.758,0.79,0.02
061110B,21h35m36s,+06° 53',L,3.44,0.73,0.03
061121A,09h49m00s,-13° 11',L,1.31,0.67,0.04
061126A,05h46m30s,+64° 11',L,1.1588,0.82,0.09
061201A,22h07m53s,-74° 36',L,0.111,0.5,0.06
061222A,23h52m58s,+46° 32',L,2.088,<0.361,
061222B,07h01m26s, -25° 51',L,3.355,,
070110A,00h03m38s,-52° 58',L,2.35,1,0.14
070125A,07h51m24s,+31° 08',L,1.55,0.55,0.04
070129A,02h28m03s,+11° 43',L,2.3384,0.58,0.02
070208A,13h11m41s,+61° 58',L,1.17,2.18,0.12
070223A,10h13m49s,+43° 07',L,1.6295,,
070224A,11h55m58s,-13° 20',L,1.9922,0.92,
070306A,09h52m20s,+10° 28',L,1.4959,0.7,0.1
070318A,03h14m10s,-42° 58',L,0.836,1.14,0.02
070411A,07h09m21s,+01° 05',XRR,2.95,0.67,
070419A,12h10m51s,+39° 54',XRF-SN-D,0.97,0.6,0.36
070419B,21h02m52s,-31° 16',L,1.9591,0.25,
070506A,23h08m52s,+10° 44',SEE,2.31,0.51,0.06
070521A,16h10m41s,+30° 14',L,2.0865,<0.45,
070529A,18h55m00s,+20° 38',L,2.4996,1.69,
070611A,00h07m57s,-29° 45',L,2.04,0.95,0.02
070612A,08h05m32s,+37° 16',L,0.671,0.6,0.19
070714B,03h51m25s,+28° 18',SEE,0.92,0.86,0.1
070721B,02h12m31s,-02° 11',L,3.626,0.88,0.02
070724A,01h51m16s,-18° 37',S ,0.457,0.72 ; 0.6,0.03 ; 0
070802A,02h27m24s,-55° 32',L,2.45,1.07,0.31
070810A,12h39m53s,+10° 44',L,2.17,1.01,0.08
071003A,20h07m25s,+10° 58',L,1.6,1.25,0.09
071010A,19h12m24s,-32° 23',L,0.99,0.61,0.12
071010B,10h02m07s,+45° 44',L,0.947,0.68,0.14
071020A,07h58m39s,+32° 52',IS,2.145,0.15,0.05
071021A,22h42m33s,+23° 40',L,2.452,<0.4,
071025A,23h40m20s,+31° 45',XRR,5,0.42,0.08
071031A,00h25m50s,-58° 03',XRF,2.69,0.64,0.08
071112C,02h36m53s,+28° 23',SN-C,0.82,0.63,0.29
071117A,22h20m38s,-63° 26',L,1.331,0.41,0.03
071122A,18h26m20s,+47° 04',L,1.14,1.3,0.6
071227A,03h52m29s,-55° 57',S,0.383,0.92,0.06
080109A,09h09m31s,33°08',XRF/SN-A,0.0064941,,
080129A,07h01m07s,-07° 50',L,4.349,0.69,0.05
080205A,06h32m53s,+62° 46',L,2.72,0.79,
080210A,16h45m05s,+13° 50',L,2.641,0.44,0.32
080310A,14h40m19s,-00° 10',L,2.43,0.42,0.12
080319A,13h45m25s,+44° 05',L,2.0265,0.77,0.02
080319B,14h31m42s,+36° 18',L,0.937,0.5,0.07
080319C,17h15m54s,+55° 25',L,1.95,0.77,0.02
080325A,18h31m35s,+36° 31',L,1.78,0.6,0.65
080330A,11h17m12s,+30° 34',XRF,1.51,0.42,0.15
080411A,02h32m04s,-71° 20',L,1.03,0.87,0.02
080413A,19h09m10s,-27° 41',XRR,2.43,0.25,0.07
080413B,21h44m32s,-19° 58',L,1.1,0.25,0.07
080430A,11h01m17s,+51° 41',L,0.767,<0.62,
080514B,21h31m17s,+00° 44',L,1.8,0.64,0.03
080516A,08h02m31s,-26° 11',IS,3.2,0.59,1.1
080520A,18h40m46s,-55° 00',L,1.545,0.78,0.02
080603A,18h37m31s,+62° 44',L,1.69,0.98,0.04
080603B,11h46m07s,+68° 05',L,2.6893,0.53,0.06
080604A,15h47m53s,+20° 33',L,1.416,0.9,
080605A,17h28m31s,+04° 00',L,1.6403,0.74,0.12
080607A,12h59m52s,+15° 54',L,3.04,1.32,0.07
080707A,02h10m32s,+33° 09',L,1.23,0.71,0.03
080710A,00h33m02s,+19° 30',L,0.85,0.8,0.09
080721A,14h57m53s,-11° 43',L,2.591,0.68,0.02
080804A,21h54m48s,-53° 12',L,2.2045,0.37,0.12
080805A,20h56m55s,-62° 26',L,1.505,0.67,0.03
080810A,23h47m07s,+00° 19',L,3.35,0.51,0.13
080825B,13h57m08s,-68° 57',L,4.3,0.67,0.11
080905A,19h10m39s,-18° 53',S,0.1218,0.51,
080905B,20h06m53s,-62° 34',L,2.374,0.8,0.07
080906A,15h11m34s,-80° 29',L,2.1,0.5,0.15
080913A,04h22m54s,-25° 07',IS,6.695,0.79,0.03
080916A,22h25m12s,-57° 01',L,0.689,0.49,0.05
080916C,07h59m31s,-56° 35',L,4.35,0.38,0.1
080928A,06h20m20s,-55° 10',L,1.69,1.08,0.02
081007A,22h39m54s,-40° 08',SN-B,0.5295,0.47,0.09
081008A,18h39m57s,-57° 28',L,1.9685,0.38,0.23
081028A,08h07m34s,+02° 19',L,3.038,0.5,
081029A,23h06m49s,-68° 10',L,3.85,1,0.01
081109A,22h03m09s,-54° 43',XRR,0.98,<0.4,
081118A,05h30m22s,-43° 18',L,2.58,,
081121A,05h57m03s,-60° 38',L,2.512,0.37,0.12
081203A,15h32m08s,+63° 30',L,2.1,0.67,0.1
081210A,04h41m50s,-11° 16',L,2.0631,,
081221A,01h03m13s,-24° 32',L,2.26,0.89,
081222A,01h31m00s,-34° 08',L,2.77,0.47,0.06
081228A,02h37m52s,+30° 51',IS,3.44,1.24,0.29
081230A,02h29m16s,-25° 08',L,2,0.4,0.2
090102A,08h33m02s,+33° 05',L,1.55,0.74,0.22
090113A,02h08m18s,+33° 27',L,1.7493,<0.3,
090201A,06h08m07s, -46° 35',L,2.1,,
090205A,14h43m42s,-27° 52',IS,4.6497,0.88,0.14
090313A,13h13m35s,+08° 06',XRR,3.38,0.74,0.4
090323A,12h42m46s,+17° 05',L,3.57,0.65,0.13
090328A,06h03m29s,-41° 57',L,0.736,1.19,0.21
090407A,04h35m50s,-12° 40',L,1.4485,<0.4,
090418A,17h57m20s,+33° 25',L,1.608,,
090423A,09h55m35s,+18° 07',IS,8.23,0.45,0.13
090424A,12h38m09s,+16° 50',L,0.544,0.55,0.03
090426A,12h36m18s,-32° 59,S,2.61,0.76,0.14
090429B,14h02m49s, +32° 10',L,9.4,0.77,0.18
090510A,22h14m13s,-26° 34,S,0.903,0.85,0.05
090516A,09h13m05s,-11° 51',L,4.109,0.97,0.02
090519A,09h29m10s,+00° 11',L,3.85,,
090529A,14h09m54s,+24° 26',XRR,2.63,0.1,0.46
090530A,11h57m35s,+26° 35',SEE,1.266,0.4,0.3
090618A,19h36m05s,+78° 21',XRR-SN-C,0.54,0.71,0.02
090709A,19h19m44s,60° 44',L,1.8,3.8,0.3
090715B,16h45m23s,+44° 50',L,3,1.84,0.02
090726A,16h35m16s,+72° 52',XRF,2.71,1.29,0.15
090809A,21h54m35s,-00° 05',L,2.737,0.84,0.06
090812A,23h32m47s,-10° 36',L,2.452,0.58,0.93
090814A,15h58m27s,+25° 36',L,0.696,0.71,0.07
090902B,17h40m00s,+27° 20',L,1.822,0.68,0.11
090926A,23h33m36s,-66° 19',L,2.1062,0.72,0.17
090926B,03h05m16s,-39° 01',L,1.24,0.4,
090927A,22h55m49s,-70° 59',IS/SEE,1.37,0.41,0.16
091003A,16h46m05s,+36° 38',L,0.8969,,
091018A,02h08m51s,-57° 32',L,0.971,0.57,0.01
091020A,11h42m52s,+50° 58',L,1.71,0.23,0.65
091024A,22h36m50s,+56° 52',UL,1.09,0.64,0.29
091029A,04h00m44s,-56° 00',L,2.75,0.49,0.12
091109A,20h37m00s,-44° 11',L,3.076,,
091127A,02h26m17s,-18° 57',SN-B,0.49,0.43,0.1
091208B,01h57m39s,+16° 53',L,1.063,0.75,0.02
100117A,00h45m02s,-01° 36',S,0.92,<0.75,
100219A,10h16m53s,-12° 34',L,4.67,0.6,0.12
100302A,13h01m23s,+74° 35',L,4.813,,
100316A,16h48m08s,+71° 50',L,3.155,,
100316B,10h54m00s,-45° 29',IS,1.18,0.58,0.09
100316D,07h10m28s,-56° 09',UL-SN-A-XRF-VL,0.06,0.94,0.05
100414A,12h14m28s,+20° 27',L,1.368,1.2,0.2
100418A,17h05m30s,+11° 28',L,0.62,0.98,0.09
100424A,13h57m49s,+01° 31',L,2.465,,
100425A,19h56m45s,-26° 26',L,1.755,,
100508A,05h05m00s,-20° 43',L,0.5201,0.4,0.12
100513A,11h18m19s,+03° 36',L,4.772,0.5,0.22
100518A,20h19m13s,-24° 32',L,4,1.9,0.46
100615A,11h48m50s,-19° 30',L,1.398,<0.5,
100621A,21h01m14s,-51° 05',L,0.54,0.8,0.1
100724A,12h58m16s,-11° 07',S,1.288,,
100728A,05h08m16s,-14° 20',L,1.567,,
100728B,02h56m13s,+00° 17',L,2.106,0.7,0.18
100814A,01h29m55s,-17° 59',SEE,1.439,0.47,0.05
100816A,23h26m58s,+26° 34',IS/SEE,0.8049,,
100901A,01h48m59s,+22° 45',L,1.41,0.7,0.15
100905A,02h06m07s,14° 56',L,7.9,0.79,0.34
100906A,01h54m50s,+55° 37',SEE,1.73,0.84,0.22
101219A,04h58m28s,-02° 32',XRR-SN-B,0.718,,
101219B,00h49m02s,-34° 32',SN-A,0.55,0.62,0.01
101225A,00h00m56s,+44° 36',UL-XRR-SN-D-VL,0.33,0.9,0.5
110106B,08h56m47s,+47° 00',L,0.618,,
110128A,12h55m30s,+28° 05',L,2.339,,
110205A,10h58m21s,+67° 31',XRR,2.21,0.55,0.075
110213A,02h52m01s,+49° 17',L,1.4607,1.12,0.24
110213B,02h46m27s,+01° 11',L,1.083,,
110422A,07h27m59s,+75° 06',L,1.77,0.8,0.07
110503A,08h51m12s,+52° 13',L,1.613,1.28,0.55
110715A,15h50m38s,-46° 14',L,0.82,0.9,0.22
110731A,18h42m05s,-28° 33',L,2.83,0.45,0.08
110801A,05h59m22s,+80° 59',L,1.858,1,0.1
110808A,03h49m03s,-44° 11',L,1.348,,
110818A,21h09m32s,-63° 58',L,3.36,0.48,0.09
110918A,02h10m18s,-27° 17',L,0.982,0.7,0.02
111005A,14h53m08s,-19° 44',SEE,0.013,1.4,0.2
111008A,04h01m49s,-32° 41',L,4.9898,0.35,0.11
111107A,08h37m56s,-66° 30',L,2.893,1.1,0.14
111117A,00h50m49s,+23° 01',S,2.211,<0.79,
111123A,10h19m24s,-20° 38',L,3.1516,0.41,0.13
111129A,20h29m46s,-52° 43',L,1.0796,,
111209A,00h57m26s,-46° 47',SN-A,0.68,0.68,0.17
111211A,10h12m22s,+11° 11',L,0.478,,
111225A,00h52m24s,+51° 35',L,0.297,,
111228A,10h00m19s,+18° 18',SEE,0.714,0.69,0.07
111229A,05h05m08s,-84° 43',L,1.3805,0.72,0.06
120119A,08h00m07s,-09° 04',L,3.1,0.89,0.01
120326A,18h15m42s,+69° 17',L,1.798,1.11,0.09
120327A,16h27m19s,-29° 25',L,2.813,0.55,0.04
120404A,15h40m03s,+12° 53',L,2.87,1.05,0.09
120422A,09h07m43s,+14° 00',SN-A,0.283,0.5,0.05
120521C,14h17m09s,+42° 07',L,6,0.16,0.3
120624B,11h23m46s, +08° 56',L,2.1974,,
120711A,06h18m49s,-71° 01',L,1.405,0.53,0.02
120712A,11h18m25s,-20° 04',L,4.1745,0.61,0.24
120714B,23h41m44s,-46° 11',SN-B,0.3984,0.7,0.4
120716A,20h52m21s,+09° 33',L,2.486,1.3,
120722A,15h21m58s,+13° 15',L,0.9586,,
120724A,16h20m46s,+03° 31',L,1.48,,
120729A,00h52m13s,+49° 56',L,0.8,1,0.1
120802A,02h59m24s , +13° 45',L,3.796,,
120805A,14h26m08s,+05° 48',L,3.1,,
120811C,13h18m50s,+62° 17',L,2.671,,
120815A,18h15m40s,-52° 08',L,2.36,0.78,0.01
120907A,04h58m58s,-09° 18',L,0.97,0.8,0.1
120909A,18h22m44s,-59° 26',L,3.93,,
120922A,15h39m01s,-20° 11',L,3.1,0.5,0.2
120923A,20h15m11s,+06° 14',L,7.8,0.91,0.16
121024A,04h41m52s, -12° 16',L,2.298,0.88,0.01
121027A,04h14m26s,-58° 48',L,1.773,,
121128A,20h02m20s,+54° 19',L,2.2,1,0.08
121201A,00h53m57s,-42° 57',L,3.385,0.52,0.12
121209A,21h47m12s,-08° 15',L,2.1,,
121211A,13h02m11s,+30° 10',L,1.023,,
121217A,10h14m54s,-62° 18',L,3.1,0.87,0.04
121229A,12h40m24s,-50° 36',L,2.707,0.8,0.2
130215A,02h53m55s,+13° 22',SN-B-XRR,0.6,0.9,0.2
130408A,08h57m36s,-32° 22',L,3.757,0.55,0.11
130418A,09h56m10s,+13° 39',L,1.218,1.01,0.09
130420A,13h04m24s,+59° 25',L,1.297,0.68,0.06
130427A,11h32m33s,+27° 41',SN-B,0.34,0.92,0.1
130427B,20h59m34s,-22° 32',L,2.78,,
130505A,09h08m14s,+17° 29',L,2.27,,
130511A,13h06m33s,+18° 42',L,1.3033,,
130514A,19h45m06s,-07° 57',L,3.6,<0.22,
130518A,23h43m14s,+47° 38',L,2.488,,
130603B,11h28m50s,+17° 03',S,0.3564,0.54,0.12
130604A,16h40m19s,68° 13',L,1.06,,
130606A,16h37m37s,+29° 47',L,5.91,1.01,0.02
130610A,14h57m40s,+28° 11',L,2.092,0.85,0.07
130612A,17h19m13s,+16° 42',L,2.006,0.9,2.29
130701A,23h48m52s,+36° 06',L,1.155,0.75,0.02
130702A,15h12m36s,+16° 35',SN-A-XRF,0.15,0.52,0.19
130831A,23h54m36s,+29° 27',SN-A,0.48,1,0.05
130907A,14h23m31s,+45° 37',L,1.238,0.33,0.05
130925A,02h44m44s, -26° 08',L,0.347,0.32,0.03
131004A,19h44m36s,-02° 58',S,0.717,<0.9,
131011A,01h27m41s,+09° 33',L,1.874,,
131030A,23h00m19s,-05° 23',L,1.295,1.08,0.23
131103A,23h15m49s,-44° 40',L,0.599,,
131105A,04h44m03s,-62° 59',L,1.686,,
131108A,10h25m53s,+09° 54',L,2.4,,
131117A,22h09m21s,-31° 43',L,4.042,0.35,0.08
131231A,00h42m20s,-01° 51',L,0.642,,
140114A,12h33m56s,+12° 35',L,3,0.27,0.05
140206A,09h41m24s,+66° 45',L,2.73,0.8,0.05
140213A,07h00m52s,-73° 08',L,1.2076,0.8,0.1
140226A,14h45m58s,+15° 00',L,1.98,0.63,0.1
140301A,04h38m11s,-34° 17',L,1.416,,
140304A,02h02m40s,+33° 29',L,5.283,0.95,0.04
140311A,13h57m12s,+00° 37',L,4.954,0.85,0.02
140318A,12h16m13s,+20° 12',L,1.02,0.82,0.47
140419A,08h28m00s, +46° 13',L,3.956,0.61,0.01
140423A,13h09m10s,+49° 49',L,3.26,0.95,0.08
140428A,12h57m22s,+28° 21',L,4.7,0.86,0.06
140430A,06h51m43s,+23° 01',L,1.6,0.97,0.08
140506A,18h27m10s,-55° 34',L,0.889,0.24,0.27
140508A,17h02m31s,+46° 45',L,1.027,,
140509A,03h06m26s,-62° 39',L,2.4,,
140512A,19h17m29s,-15° 06',L,0.725,0.86,0.01
140515A,12h24m09s,+15° 05',L,6.32,0.77,0.04
140518A,15h08m55s,+42° 24',L,4.707,0.34,0.11
140606B,21h51m00s,+33° 41',L,0.384,1.39,0.02
140614A,15h24m56s,-79° 06',L,4.233,0.6,0.05
140620A,18h47m29s,+49° 44',L,2.04,,
140623A,13h13m00s,+75° 48',L,1.92,,
140629A,16h35m56s,+41° 53',L,2.275,0.9,0.05
140703A,00h51m58s,+45° 06',L,3.14,0.85,0.07
140710A,02h44m21s,+35° 30',L,0.558,0.35,0.06
140801A,03h01m00s,-30° 53',L,1.32,0.47,
140808A,14h26m05s,+48° 36',L,3.29,,
140903A,15h52m09s,+27° 35',S,0.351,0.76,0.12
140907A,03h12m35s,+46° 36',L,1.21,1.2,0.12
141004A,05h06m56s,+12° 49',L,0.573,,
141028A,21h30m48s,-00° 17',L,2.33,1.29,0.07
141109A,09h38m02s,-00° 36',L,2.993,,
141121A,08h10m40s,+22° 14',L,1.47,0.87,0.14
141220A,13h00m12s,+32° 09',L,1.3195,0.6,0.2
141221A,13h13m05s,+08° 13',L,1.45,0.64,0.03
141225A,09h15m00s,+33° 48',L,0.915,,
150101B,12h32m10s,-10° 57',S,0.134,0.61,
150120B,02h37m11s,+08° 05',L,3.5,,
150206A,00h40m21s,-63° 11',L,2.087,,
150301B,05h56m38s,-57° 59',L,1.5169,,
150314A,08h26m38s,+63° 50',L,1.758,,
150323A,08h32m46s,+45° 26',L,0.593,1.1,0.21
150403A,20h46m01s,-62° 42',L,2.06,,
150413A,12h41m32s,+71° 49',L,3.139,0.77,0.09
150423A,14h46m24s,+12° 17',S,1.394,0.8,0.3
150424A,10h09m15s,-26° 39',SEE,0.3,0.41,"+0.11,0.07"
150514A,04h59m24s,-60° 55',L,0.807,,
150518A,15h36m50s, +16° 16',L,0.256,,
150727A,13h35m58s,-18° 21',L,0.313,,
150728A,19h29m09s,+33° 54',S,0.461,,
150818A,15h21m47s,+68° 21',L,0.282,,
150821A,22h47m37s,-57° 52',L,0.755,,
150910A,00h22m42s,+33° 30',L,1.3585,0.53,0.14
150915A,21h18m55s,-34° 51',L,1.968,,
151021A,22h30m27s,-33° 12',L,2.33,,
151027A,18h09m58s,+61° 23',L,0.81,,
151027B,05h04m57s,-06° 26',L,4.063,0.5,0.05
151029A,02h34m08s,-35° 22',L,1.423,1.5,0.39
151031A,05h32m48s,-39° 05',L,1.167,,
151111A,03h47m19s,-44° 10',L,3.5,,
151112A,00h08m11s,-61° 42',L,4.1,0.71,0.06
151215A,06h14m23s,+35° 31',L,2.59,,
160117B,08h48m46s,-16° 20',L,0.87,,
160121A,07h16m19s,-23° 35',L,1.96,,
160131A,05h12m44s,-07° 04',L,0.972,1.09,0.04
160203A,10h47m48s,-24° 46',L,3.52,,
160227A,12h59m09s,+78° 38',L,2.38,0.7,0.07
160228A,07h09m17s,+26° 57',SEE,1.64,,
160314A,07h31m07s,+17° 00',L,0.726,0.9,0.15
160410A,10h02m43s,+03° 27',SEE,1.717,0.46,0.25
160425A,18h41m15s,-54° 22',L,0.555,1.5,0.15
160509A,20h40m24s,+76° 00',L,1.17,0.6,
160623A,21h00m58s,+42° 16',L,0.367,,
160625B,20h33m04s,+06° 54',L,1.406,0.68,0.07
160629A,00h19m17s,+76° 59',L,3.332,,
160804A,14h46m33s,+10° 00',L,0.736,0.9,0.12
160821B,18h39m57s,+62° 24',S,0.16,0.66,0.03
161014A,22h10m31s,+07° 29',L,2.823,0.8,0.11
161017A,09h31m04s,+43° 08',L,2.013,0.92,0.02
161023A,20h44m08s,-47° 40',L,2.71,0.66,0.08
161108A,12h03m08s,+24° 52',L,1.159,,
161117A,21h28m17s,-29° 38',L,1.549,,
161129A,21h04m46s,+32° 07',L,0.645,,
161219B,06h06m52s,-26° 47',SN-B,0.1475,0.32,0.01
170113A,04h06m36s,-71° 55',L,1.968,0.8,0.07
170202A,10h10m07s,+05° 00',L,3.645,0.47,0.13
170214A,17h05m19s,-01° 53',L,2.53,,
170405A,14h39m14s,-25° 15',L,3.51,0.8,0.09
170428A,22h00m15s,+26° 55',S,0.454,,
170519A,10h53m48s,+25° 23',L,0.818,,
170531B,19h07m35s,-16° 26',L,2.366,,
170604A,22h50m35s,-15° 25',L-XRF,1.329,0.8,0.08
170607A,00h29m22s,+09° 14',L,0.557,0.9,0.07
170705A,12h46m49s,+18° 18',L,2.01,,
170714A,02h17m17s,+01° 59',UL,0.793,0.9,0.05
170817A,12h47m00s,-39° 48',S,0.009783,0.58,0.01
171010A,04h26m58s,-10° 32',SN-A,0.3285,1.33,0.29
171020A,02h37m03s,+15° 11',L,1.87,,
171205A,11h09m47s,-12° 36',SN-B,0.0368,0.35,
171222A,09h53m10s,+35° 37',L,2.409,,
180115A,0h48m18s,-15° 36',L,2.487,,
180205A,08h27m17s,+11° 33',L,1.409,0.52,0.02
180314A,06h37m06s,-24° 29',L,1.445,,
180325A,10h29m44s,+24° 26',L,2.248,0.45,0.01
180329B,05h31m40s,-23° 42',L,1.998,,
180404A,05h34m15s,-37° 10',L,1,,
180418A,11h20m27s,+24° 57',L,1.55,0.7,0.19
180510B,05h11m57s,-62° 20',L,1.305,,
180620B,23h50m04s,-57° 57',L,1.1175,,
180624A,21h12m17s,-02° 20',L,2.855,,
180703A,00h26m10s,-67° 05',L,0.6678,,
180720B,00h02m07s,-02° 56',L,0.654,0.8,0.04
180728A,16h54m17s,-54° 02',L,0.117,0.67,0.05
180914B,22h09m48s,+24° 53',L,1.096,0.94,0.11
181010A,03h30m14s,-23° 02',L,1.39,0.9,0.09
181020A,00h55m52s,-47° 23',L,2.938,,
181110A,20h09m22s,-36° 54',L,1.505,0.99,0.03
181123B,12h17m23s,+14° 35',SEE,1.754,0.55,0.17
190106A,01h59m33s,+23° 51',L,1.859,,
190114A,04h22m11s,+02° 10',L,3.3765,,
190114C,03h38m02s,-26° 56',L,0.425,0.83,0.04
190627A,16h19m19s,-05° 18',L,1.942,1,0.14
190719C,16h00m50s,+12° 59',L,2.469,,
190829A,02h58m10s,-08° 58',SN-B,0.0785,0.47,0.09
190919B,20h47m33s,-44° 43',L,3.225,1.05,0.07
191004B,03h16m42s,-39° 37',L,3.503,0.49,0.03
191011A,02h58m54s,-27° 51',L,1.722,0.9,0.16
191019A,22h40m09s,-17° 20',L,0.248,0.78,0.08
191221B,10h19m20s,-38° 08',L,1.148,0.48,0.07
200205B,07h11m13s,-56° 29',L,1.465,,
200522A,00h22m40s,-00° 17',S,0.554,1.1,0.3
200524A,14h11m00s,+60° 58',L,1.256,,
200613A,10h12m07s,+45° 51',L,1.2255,0.9,0.15
200826A,00h27m16s,+34° 02',S,0.7481,0.67,0.02
200829A,16h44m51s,+72° 20',L,1.25,0.9,0.07
201014A,01h23m23s,+27° 42',L,4.56,0.9,0.24
201015A,23h37m22s,+53° 24',L,0.426,1.13,0.3
201020A,17h24m59s,+31° 25',L,2.903,1.1,0.18
201020B,04h59m29s,+76° 59',L,0.804,,
201021C,00h50m12s,-55° 50',L,1.07,0.6,0.18
201024A,08h23m47s,+03° 23',L,0.999,,
201103B,02h48m44s, +12° 08',L,1.105,,
201104B,00h20m52s,+07° 49',L,1.954,,
201216C,01h05m26s,+16° 32',L,1.1,0.5,0.2
201221A,14h17m55s,-45° 25',L,5.7,,
201221D,11h24m12s,+42° 09',S,1.046,,
210104A,08h15m15s,-05° 52',L,2.514,0.82,0.04
210116A,06h54m49s, +64° 40',L,0.46,1.17,0.39
210204A,07h48m19s,+11° 25',L,0.876,0.75,0
210210A,17h31m15s,+14° 39',L,0.715,0.9,0.11
210222B,10h18m29s,-14° 54',L,2.198,,
210312B,10h23m22s,+76° 53',L,1.069,0.6,0.04
210321A,05h51m30s,+70° 07',L,1.487,,
210411C,19h46m14s,-39° 22',L,2.826,,
210420B,16h57m17s,+42° 34',L,1.4,,
210504A,14h49m11s,-30° 32',L,2.077,,
210517A,23h52m42s,-39° 06',L,2.486,,
210610A,13h37m08s,+14° 29',L,3.54,,
210610B,16h15m45s,+14° 23',L,1.13,,
210619B,21h18m51s,+33° 52',L,1.937,0.37,0.01
210702A,11h14m17s,-36° 44',L,1.16,0.96,0.06
210722A,01h48m06s,-06° 21',L,1.145,,
210731A,20h01m15s,-28° 02',L,1.2525,,
210822A,20h17m54s,+05° 16',L,1.736,,
210905A,20h36m15s, -44° 26',L,6.318,0.6,0.04
211023A,04h49m12s,+85° 18',L,0.39,0.8,0.1
211024B,10h18m45s, +24° 35',L,1.1137,1.13,0.04
211207A,09h58m30s,-24° 21',L,2.272,,
220101A,00h05m31s,+31° 45',L,4.618,0.7,0.05
220107A,11h19m03s,+34° 08',L,1.246,,
220117A,06h06m19s, -28° 25',L,4.961,,
220219B,16h03m39s,+31° 14',L,0.293,,
220521A,18h20m47s,+10° 21',L,5.6,,
220527A,21h34m17s,21° 34',L,0.857,2.55,0.05
220627A,13h24m48s,-32° 30',L,3.084,,
221009A,19h13m03s,19° 48',L,0.151,0.75,0.016
221110A,01h56m29s,-27° 19',L,4.06,1.88,0.15
221226B,01h31m40s,-41° 33',L,2.694,,
230116D,06h34m28s,+49° 52',L,3.81,,
230204B,13h10m15s,-22° 02',L,2.142,,
230325A,19h47m17s,-46° 06',L,1.664,,
230414B,12h04m17s,-53° 08',L,3.568,,
